{
 "mb": 7.319174964181175,
 "sb": 3.588565083529065,
 "mm": 3.5850953556485354,
 "sm": 1.7756660427843007,
 "A": 6.689963243576079,
 "B": 3.70868676597596
}